{
  "total_km": 284.52879999999993,
  "total_minutes": 308.34999999999997,
  "depots": [
    {
      "depot": {
        "idx": 0,
        "id": "D1",
        "address": "﻿Kızılay Meydanı, Çankaya, Ankara, Türkiye"
      },
      "vehicles": 5,
      "customers": 50,
      "km": 284.52879999999993,
      "minutes": 308.34999999999997,
      "routes": [
        {
          "route_idx": 1,
          "stops": [
            "C1",
            "C29",
            "C28",
            "C5",
            "C2",
            "C26",
            "C25",
            "C3",
            "C24",
            "C20"
          ],
          "stops_idx": [
            1,
            29,
            28,
            5,
            2,
            26,
            25,
            3,
            24,
            20
          ],
          "customers": 10,
          "km": 20.558600000000002,
          "minutes": 28.856666666666662
        },
        {
          "route_idx": 2,
          "stops": [
            "C4",
            "C23",
            "C22",
            "C30",
            "C31",
            "C27",
            "C32",
            "C36",
            "C8",
            "C33"
          ],
          "stops_idx": [
            4,
            23,
            22,
            30,
            31,
            27,
            32,
            36,
            8,
            33
          ],
          "customers": 10,
          "km": 31.641599999999993,
          "minutes": 42.27666666666667
        },
        {
          "route_idx": 3,
          "stops": [
            "C35",
            "C21",
            "C34",
            "C39",
            "C12",
            "C37",
            "C14",
            "C38",
            "C18",
            "C41"
          ],
          "stops_idx": [
            35,
            21,
            34,
            39,
            12,
            37,
            14,
            38,
            18,
            41
          ],
          "customers": 10,
          "km": 47.929199999999994,
          "minutes": 57.52166666666666
        },
        {
          "route_idx": 4,
          "stops": [
            "C16",
            "C17",
            "C42",
            "C19",
            "C43",
            "C40",
            "C13",
            "C44",
            "C15",
            "C50"
          ],
          "stops_idx": [
            16,
            17,
            42,
            19,
            43,
            40,
            13,
            44,
            15,
            50
          ],
          "customers": 10,
          "km": 58.58239999999999,
          "minutes": 62.97999999999999
        },
        {
          "route_idx": 5,
          "stops": [
            "C47",
            "C49",
            "C9",
            "C45",
            "C48",
            "C46",
            "C6",
            "C7",
            "C11",
            "C10"
          ],
          "stops_idx": [
            47,
            49,
            9,
            45,
            48,
            46,
            6,
            7,
            11,
            10
          ],
          "customers": 10,
          "km": 125.81699999999998,
          "minutes": 116.715
        }
      ]
    }
  ]
}
