{
  "total_km": 248.99330000000003,
  "total_minutes": 411.52500000000003,
  "depots": [
    {
      "depot": {
        "idx": 0,
        "id": "D1",
        "address": "Taksim Square, Beyoglu, Istanbul, Turkiye"
      },
      "vehicles": 4,
      "customers": 95,
      "km": 248.99330000000003,
      "minutes": 411.52500000000003,
      "routes": [
        {
          "route_idx": 1,
          "stops": [
            "C17",
            "C14",
            "C16",
            "C13",
            "C37",
            "C34",
            "C38",
            "C39",
            "C33",
            "C32",
            "C31",
            "C36",
            "C40",
            "C15",
            "C18",
            "C4",
            "C10",
            "C6",
            "C5",
            "C1",
            "C9",
            "C7",
            "C8",
            "C2"
          ],
          "stops_idx": [
            16,
            13,
            15,
            12,
            33,
            31,
            34,
            35,
            30,
            29,
            28,
            32,
            36,
            14,
            17,
            3,
            9,
            5,
            4,
            1,
            8,
            6,
            7,
            2
          ],
          "customers": 24,
          "km": 37.944500000000005,
          "minutes": 75.60000000000001
        },
        {
          "route_idx": 2,
          "stops": [
            "C20",
            "C12",
            "C11",
            "C30",
            "C29",
            "C27",
            "C25",
            "C28",
            "C22",
            "C24",
            "C26",
            "C23",
            "C42",
            "C49",
            "C41",
            "C48",
            "C50",
            "C45",
            "C46",
            "C43",
            "C44",
            "C59",
            "C55",
            "C57"
          ],
          "stops_idx": [
            18,
            11,
            10,
            27,
            26,
            24,
            22,
            25,
            19,
            21,
            23,
            20,
            38,
            44,
            37,
            43,
            45,
            41,
            42,
            39,
            40,
            54,
            50,
            52
          ],
          "customers": 24,
          "km": 58.23130000000001,
          "minutes": 117.24666666666668
        },
        {
          "route_idx": 3,
          "stops": [
            "C60",
            "C54",
            "C66",
            "C65",
            "C71",
            "C79",
            "C72",
            "C85",
            "C83",
            "C86",
            "C81",
            "C82",
            "C89",
            "C87",
            "C76",
            "C77",
            "C73",
            "C64",
            "C63",
            "C70",
            "C68",
            "C69",
            "C58",
            "C52"
          ],
          "stops_idx": [
            55,
            49,
            61,
            60,
            66,
            74,
            67,
            80,
            78,
            81,
            76,
            77,
            84,
            82,
            71,
            72,
            68,
            59,
            58,
            65,
            63,
            64,
            53,
            47
          ],
          "customers": 24,
          "km": 54.906299999999995,
          "minutes": 85.66166666666668
        },
        {
          "route_idx": 4,
          "stops": [
            "C56",
            "C62",
            "C67",
            "C61",
            "C80",
            "C88",
            "C84",
            "C96",
            "C90",
            "C99",
            "C97",
            "C92",
            "C98",
            "C91",
            "C93",
            "C95",
            "C100",
            "C94",
            "C78",
            "C75",
            "C74",
            "C51",
            "C53"
          ],
          "stops_idx": [
            51,
            57,
            62,
            56,
            75,
            83,
            79,
            91,
            85,
            94,
            92,
            87,
            93,
            86,
            88,
            90,
            95,
            89,
            73,
            70,
            69,
            46,
            48
          ],
          "customers": 23,
          "km": 97.91120000000001,
          "minutes": 133.01666666666665
        }
      ]
    }
  ]
}
