{
  "total_km": 109.24529999999999,
  "total_minutes": 114.93333333333334,
  "depots": [
    {
      "depot": {
        "idx": 0,
        "id": "D1",
        "address": "﻿Konya Otogarı, Yazır Mahallesi, Selçuklu, Konya, Türkiye"
      },
      "vehicles": 2,
      "customers": 25,
      "km": 109.24529999999999,
      "minutes": 114.93333333333334,
      "routes": [
        {
          "route_idx": 1,
          "stops": [
            "C15",
            "C12",
            "C14",
            "C25",
            "C13",
            "C24",
            "C4"
          ],
          "stops_idx": [
            15,
            12,
            14,
            25,
            13,
            24,
            4
          ],
          "customers": 7,
          "km": 28.9306,
          "minutes": 33.555
        },
        {
          "route_idx": 2,
          "stops": [
            "C2",
            "C23",
            "C7",
            "C5",
            "C6",
            "C1",
            "C10",
            "C9",
            "C8",
            "C11",
            "C21",
            "C22",
            "C20",
            "C19",
            "C18",
            "C3",
            "C17",
            "C16"
          ],
          "stops_idx": [
            2,
            23,
            7,
            5,
            6,
            1,
            10,
            9,
            8,
            11,
            21,
            22,
            20,
            19,
            18,
            3,
            17,
            16
          ],
          "customers": 18,
          "km": 80.31469999999999,
          "minutes": 81.37833333333334
        }
      ]
    }
  ]
}
